Club,Last_Name,First_Name,Position,Salary,Guaranteed_Comp
FC Dallas,Acosta,Kellyn,M,55000.00,79000.00
Vancouver Whitecaps,Adekugbe,Samuel,D,50000.00,55000.00
Portland Timbers,Adi,Fanendo,F,580800.00,593300.00
Colorado Rapids,Agbossoumonde,Gale,D,48825.00,55491.67
FC Dallas,Akindele,Tesho,F,48500.00,48500.00
New England Revolution,Akpan,Andre,F,48500.00,51333.33
Vancouver Whitecaps,Alderson,Bryce,M,100000.00,115000.00
Chicago Fire,Alex,,M,123750.00,133700.00
New York Red Bulls,Alexander,Eric,M,115000.00,128750.00
Portland Timbers,Alhassan,Kalif,M,120000.00,120000.00
Real Salt Lake,Allen,Jordan,M/F,80000.00,90000.00
Seattle Sounders FC,Alonso,Osvaldo,M,400000.00,400000.00
New England Revolution,Alston,Kevin,D,125000.00,143333.33
Colorado Rapids,Alvarez,Carlos,M,73150.00,108150.00
Orlando City SC,Alvarez,Yordany,M,48500.00,56000.00
Chicago Fire,Amarikwa,Quincy,F,60000.00,60000.00
Chicago Fire,Anangono,Juan Luis,F,175000.00,175000.00
Seattle Sounders FC,Anibaba,Jalil,D,119620.00,159620.00
Columbus Crew,Anor,Bernardo,M,48825.00,48825.00
Seattle Sounders FC,Apam,Onyekachi,D,60000.00,60000.00
Toronto FC,Aparicio,Manuel,M,36504.00,36504.00
Houston Dynamo,Arena,Anthony,D,36504.00,36504.00
Colorado Rapids,Armstrong,David,M,36504.00,36504.00
DC United,Arnaud,Davy,M,212500.00,212500.00
Columbus Crew,Arrieta,Jairo,F,135000.00,135000.00
Houston Dynamo,Ashe,Corey,M,165000.00,174750.00
DC United,Attakora,Nana,D,62500.00,65575.52
Real Salt Lake,Attinella,Jeff,GK,48825.00,48825.00
Chivas USA,Avila,Eric,M,115000.00,135000.00
Seattle Sounders FC,Azira,Michael,D,48504.00,51147.54
Columbus Crew,Baiden,Kingsley,M,36504.00,36504.00
Real Salt Lake,Balchan,Rich,D,48500.00,48500.00
Vancouver Whitecaps,Ballouchy,Mehdi,M,65000.00,65000.00
San Jose Earthquakes,Barklage,Brandon,M,65000.00,68415.21
Houston Dynamo,Barnes,Giles,M,230000.00,241158.33
New England Revolution,Barnes,Darrius,D,80000.00,86666.67
Chivas USA,Barrera,Leandro,F,50000.00,50000.00
Seattle Sounders FC,Barrett,Chad,F,80000.00,85000.00
Columbus Crew,Barson,Chad,D,48825.00,48825.00
Houston Dynamo,Beasley,DaMarcus,D,750000.00,779166.67
Real Salt Lake,Beckerman,Kyle,M,350000.00,378750.00
Columbus Crew,Bedell,Adam,F,36504.00,36504.00
Vancouver Whitecaps,Beitashour,Steven,D,170000.00,177166.67
Toronto FC,Bekker,Kyle,M,51150.00,77400.00
Montreal Impact,Beland-Goyette,Louis,M,36504.00,36504.00
Real Salt Lake,Beltran,Anthony,D,186450.00,186450.00
Toronto FC,Bendik,Joe,GK,140000.00,147375.00
New England Revolution,Bengtson,Jerry,F,144000.00,144000.00
FC Dallas,Benitez,Jair,D,97875.00,97875.00
San Jose Earthquakes,Bernardez,Victor,D,100008.00,141608.00
Colorado Rapids,Berner,John,GK,36500.00,36500.00
Montreal Impact,Bernier,Patrice,F-M,165000.00,205000.00
Philadelphia Union,Berry,Austin,D,86994.00,101994.00
Sporting Kansas City,Besler,Matt,D,600000.00,633250.00
Sporting Kansas City,Bieler,Claudio,F,225000.00,225000.00
San Jose Earthquakes,Bingham,David,GK,85910.00,130285.00
DC United,Birnbaum,Steven,D,55000.00,85000.00
Montreal Impact,Bissue,James,F,48500.00,48500.00
New York Red Bulls,Bitolo,Ambroise,D,36500.00,36500.00
Philadelphia Union,Blake,Andre,GK,75000.00,113000.00
Toronto FC,Bloom,Mark,D,48825.00,48825.00
Chivas USA,Bocanegra,Carlos,D,300000.00,333333.33
Chivas USA,Bolanos,Luis,F,48504.00,48504.00
Philadelphia Union,Bone,Corben,M,48825.00,51325.00
Houston Dynamo,Boniek Garcia,Oscar,F,199992.00,258742.00
Real Salt Lake,Borchers,Nat,D,225000.00,236968.75
Chivas USA,Borja,Felix,F,48504.00,48504.00
POOL,Borja,Carlos,D,52313.00,52313.00
DC United,Boswell,Bobby,D,189666.60,189666.60
New York Red Bulls,Bover,Ruben,M,36500.00,36500.00
Seattle Sounders FC,Bowen,Tristan,F,65000.00,70000.00
Toronto FC,Bradley,Michael,M,6000000.00,6500000.00
New York City FC,Brovsky,Jeb,M,115000.00,119000.00
Colorado Rapids,Brown,Deshorn,F,75000.00,123000.00
Philadelphia Union,Brown,Brian,F,48504.00,53004.00
Houston Dynamo,Bruin,Will,F,127500.00,172500.00
Houston Dynamo,Brunner,Eric,D,130000.00,130625.00
Colorado Rapids,Buddle,Edson,F,325000.00,325000.00
New England Revolution,Bunbury,Teal,F,135000.00,233000.00
Colorado Rapids,Burch,Marc,D,85000.00,85000.00
Chivas USA,Burling,Bobby,D,115000.00,122500.00
San Jose Earthquakes,Busch,Jon,GK,173250.00,184583.33
Montreal Impact,Bush,Evan,GK,48825.00,48825.00
New York Red Bulls,Bustamante,Michael,M-D,48825.00,48825.00
FC Dallas,Cabrera,Walter,D,84000.00,96000.00
New York Red Bulls,Cahill,Tim,M,3500000.00,3625000.00
New England Revolution,Caldwell,Scott,M,52313.00,59813.00
Toronto FC,Caldwell,Steven,D,325000.00,364166.67
Chivas USA,Calvert,Caleb,F,55000.00,62500.00
Montreal Impact,Camara,Hassoun,D/M,215000.00,226625.00
Vancouver Whitecaps,Carducci,Marco,GK,36504.00,36504.00
Houston Dynamo,Carrasco,Servando,M,48825.00,48825.00
Philadelphia Union,Carreiro,Fred,M,65460.00,65460.00
Philadelphia Union,Carroll,Brian,M,185220.00,185220.00
Houston Dynamo,Cascio,Tony,M,71390.00,105140.00
Philadelphia Union,Casey,Conor,F,192500.00,192500.00
DC United,Caskey,Alex,M,48825.00,48825.00
New York Red Bulls,Castano,Santiago,GK,36500.00,36500.00
New England Revolution,Castillion,Geoffrey,F,276000.00,329033.33
FC Dallas,Castillo,Fabian,F,70000.00,76250.00
San Jose Earthquakes,Cato,Cordell,F,50400.00,50400.00
Orlando City SC,Ceren,Darwin,M,50000.00,80437.50
Portland Timbers,Chara,Diego,M,170000.00,170000.00
Chivas USA,Chavez,Marvin,M,200000.00,200000.00
New York Red Bulls,Christianson,Ian,M,48825.00,48825.00
Columbus Crew,Clark,Steven,GK,135000.00,138333.33
Houston Dynamo,Clark,Ricardo,M,288000.00,321750.00
Vancouver Whitecaps,Clarke,Caleb,F,60000.00,60000.00
Sporting Kansas City,Claros,Jorge,M,90000.00,90000.00
Houston Dynamo,Cochran,AJ,D,57500.00,73500.00
Chicago Fire,Cochrane,Greg,D,48500.00,48500.00
Chicago Fire,Cocis,Razvan,M,140004.00,146670.67
Sporting Kansas City,Collin,Aurelien,D,275000.00,281250.00
New York Red Bulls,Convey,Bobby,M,137500.00,147500.00
Seattle Sounders FC,Cooper,Kenny,F,200000.00,265625.00
Chivas USA,Correa,Jose Erick,F,70000.00,70000.00
FC Dallas,Craft,Coy,F,48504.00,65587.33
Toronto FC,Creavalle,Warren,D,90000.00,100500.00
Montreal Impact,Crepeau,Maxime,GK,48500.00,48500.00
San Jose Earthquakes,Cronin,Sam,M,185000.00,187500.00
Philadelphia Union,Cruz,Danny,M,125000.00,131666.67
Houston Dynamo,Cummings,Omar,F,250000.00,264000.00
Montreal Impact,Danso,Mamadou,D,87500.00,87500.00
New England Revolution,Davies,Charlie,F,75000.00,78940.63
Houston Dynamo,Davis,Brad,M,345000.00,392062.50
Vancouver Whitecaps,Dean,Christian,D,80000.00,161000.00
Toronto FC,Defoe,Jermain,F,6000000.00,6180000.00
LA Galaxy,DeLaGarza,AJ,D,132500.00,155000.00
DC United,DeLeon,Nick,M,85690.00,120690.00
Chivas USA,Delgado,Marco,M,75000.00,77500.00
Seattle Sounders FC,Dempsey,Clint,F,4913004.00,6695188.75
Houston Dynamo,Deric,Tyler,GK,90000.00,97666.67
Toronto FC,DeRosario,Dwayne,M,137000.00,173000.00
Montreal Impact,Di Vaio,Marco,F,1500000.00,2600000.00
FC Dallas,Diaz,Mauro,M,325000.00,411000.00
Toronto FC,Dike,Bright,F,60637.50,63575.00
Vancouver Whitecaps,Diouf,Mamadou,F,48500.00,61000.00
San Jose Earthquakes,Djalo,Yannick,M,200000.00,300000.00
LA Galaxy,Donovan,Landon,F,4250000.00,4583333.33
New England Revolution,Dorman,Andy,M,135000.00,135000.00
Sporting Kansas City,Dovale,Toni,D,180000.00,185000.00
DC United,Doyle,Conor,F,48500.00,49750.00
Houston Dynamo,Driver,Andrew,M,130000.00,144583.33
Montreal Impact,Duka,Dilaver,M,165000.00,190000.00
Sporting Kansas City,Duke,Christian,D,36500.00,36500.00
LA Galaxy,Dunivant,Todd,D,140000.00,160750.00
Chivas USA,Dunn,Matthew,M,48500.04,48500.04
New York Red Bulls,Duvall,Chris,D,36504.00,36504.00
Sporting Kansas City,Dwyer,Dom,F,80000.00,92500.00
DC United,Dykstra,Andrew,GK,48825.00,48825.00
Chicago Fire,Earnshaw,Robert,F,204000.00,206250.00
New York Red Bulls,Eckersley,Richard,D,255000.00,373333.33
Philadelphia Union,Edu,Maurice,M,650000.00,650000.00
Sporting Kansas City,Ellis,Kevin,D,48825.00,49575.00
Colorado Rapids,Eloundou,Charles,F,48825.00,53825.00
FC Dallas,Escobar,Andres,F,625000.00,647000.00
DC United,Espindola,Fabian,F,150000.00,150000.00
DC United,Estrada,David,F,48825.00,48825.00
Portland Timbers,Evans,Steven,M,48825.00,53825.00
Seattle Sounders FC,Evans,Brad,F,267665.00,293666.25
Philadelphia Union,Fabinho,,D,96000.00,100500.00
New England Revolution,Fagundez,Diego,F,110000.00,137200.00
New England Revolution,Farrell,Andrew,D,95000.00,176000.00
Sporting Kansas City,Feilhaber,Benny,M,325000.00,337187.50
Philadelphia Union,Fernandes,Leo,M,48500.00,48500.00
FC Dallas,Fernandez,Raul,GK,160000.00,247500.00
Portland Timbers,Fernandez,Gaston,F,150000.00,150000.00
Real Salt Lake,Fernandez,Eduardo,GK,36500.00,36500.00
Vancouver Whitecaps,Fernandez,Sebastian,M,143000.00,143000.00
Montreal Impact,Ferrari,Matteo,D,300000.00,355475.00
Real Salt Lake,Findley,Robbie,F,215000.00,245500.00
Columbus Crew,Finlay,Ethan,F,50847.50,65847.50
Chivas USA,Finley,Ryan,F,51150.00,78650.00
Portland Timbers,Fochive,George,M,36500.00,36500.00
Chicago Fire,Fondy,Matthew,F,48500.00,48500.00
Seattle Sounders FC,Ford,Josh,GK,48500.00,50239.94
Columbus Crew,Francis,Waylon,D,125000.00,153875.00
San Jose Earthquakes,Francis,Shaun,D,55000.00,57889.79
Chicago Fire,Franco,Marco,D,36500.00,36500.00
DC United,Franklin,Sean,D,178333.32,209999.99
Seattle Sounders FC,Frei,Stefan,GK,150000.00,150000.00
Columbus Crew,Friedman,Ross,D,36500.00,36500.00
LA Galaxy,Friend,Rob,F,85000.00,91000.00
Vancouver Whitecaps,Froese,Kianz,M-F,44004.00,48504.00
San Jose Earthquakes,Fucito,Michael,MF,57750.00,60639.79
Philadelphia Union,Gaddis,Raymon,D,52313.00,52313.00
Montreal Impact,Gagnon-Lapare,Jeremy,M,36504.00,40504.00
Columbus Crew,Gall,Romain,M,48504.00,51885.93
Portland Timbers,Gallego,Bryan,D,36500.00,36750.00
FC Dallas,Garcia,Danny,M,55000.00,71000.00
LA Galaxy,Garcia,Rafael,M,48825.00,48825.00
Real Salt Lake,Garcia,Olmes,F,125000.00,125000.00
POOL,Gardner,Joshua,M,70000.00,70000.00
LA Galaxy,Gargan,Dan,D,48500.00,48500.00
Houston Dynamo,Garrido,Luis,M,150000.00,150000.00
Columbus Crew,Gehrig,Eric,M,48825.00,48825.00
Columbus Crew,George,Kevan,M,48825.00,48825.00
Real Salt Lake,Gil,Luis,M,220000.00,315083.33
Real Salt Lake,Glad,Justen,D,36500.00,47500.00
Portland Timbers,Gleeson,Jake,GK,66000.00,69493.44
New England Revolution,Goncalves,Jose,D,450000.00,479375.00
Toronto FC,Goncalves,Jackson,D,150000.00,202500.00
FC Dallas,Gonzalez,Jesse,GK,48500.00,48500.00
LA Galaxy,Gonzalez,Omar,D,1000000.00,1250000.00
Montreal Impact,Gonzalez,Santiago,M/F,50000.00,50000.00
Seattle Sounders FC,Gonzalez,Leonardo,D,150000.00,150000.00
San Jose Earthquakes,Goodson,Clarence,D,315000.00,342000.00
LA Galaxy,Gordon,Alan,F,185000.00,206666.67
San Jose Earthquakes,Gorlitz,Andreas,D,90000.00,99737.19
Real Salt Lake,Grabavoy,Ned,M,160000.00,175000.00
Real Salt Lake,Grossman,Cole,M,48825.00,48825.00
Sporting Kansas City,Gruenebaum,Andy,GK,85000.00,85000.00
Toronto FC,Hagglund,Nick,D,48500.00,48500.00
Seattle Sounders FC,Hahnemann,Marcus,GK,65000.00,65000.00
Colorado Rapids,Hairston,Marlon,M,70000.00,93000.00
Houston Dynamo,Hall,Tally,GK,200000.00,213500.00
Toronto FC,Hall,Jeremy,D,105000.00,115000.00
DC United,Hamid,Bill,GK,100000.00,114750.00
Toronto FC,Hamilton,Jordan,F,60000.00,72500.00
San Jose Earthquakes,Harden,Ty,D,68250.00,71665.21
Portland Timbers,Harrington,Michael,M-D,125000.00,125000.00
San Jose Earthquakes,Harris,Atiba,M-F,181500.00,189775.00
Vancouver Whitecaps,Harvey,Jordan,D,123750.00,123750.00
FC Dallas,Hedges,Matt,D,120000.00,120000.00
New York Red Bulls,Henry,Thierry,F,3750000.00,4350000.00
Toronto FC,Henry,Doneil,D,75000.00,87083.33
FC Dallas,Hernandez,Moises,D,48825.00,50450.00
Philadelphia Union,Hernandez,Cristhian,M,72500.00,74375.00
San Jose Earthquakes,Hernandez,Jason,D,210000.00,213333.33
Columbus Crew,Higuain,Federico,M-F,580000.00,744000.00
Colorado Rapids,Hill,Kamani,M,48825.00,48825.00
LA Galaxy,Hoffman,Chandler,F,48500.00,48500.00
FC Dallas,Hollingshead,Ryan,M,48500.00,48500.00
Philadelphia Union,Hoppenot,Antoine,F,54450.00,54450.00
Houston Dynamo,Horst,David,D,70000.00,72750.00
Chivas USA,Hurtado,Jhon Kennedy,D,210000.00,210000.00
Vancouver Whitecaps,Hurtado,Erik,F/M,51150.00,86150.00
LA Galaxy,Husidic,Baggio,M,90000.00,90000.00
Chicago Fire,Ianni,Patrick,D,150000.00,150000.00
New England Revolution,Imbongo,Dimitry,F,112500.00,122375.00
DC United,Inkoom,Samuel,D,84000.00,103875.00
Colorado Rapids,Irwin,Clint,GK,75000.00,87000.00
LA Galaxy,Ishizaki,Stefan,M,200000.00,213000.00
New England Revolution,Jackson,Larry,GK,36504.00,36504.00
Montreal Impact,Jackson-Hamel,Anthony,F,36504.00,36504.00
New York City FC,Jacobson,Andrew,M,180000.00,180000.00
San Jose Earthquakes,Jahn,Adam,F,48500.00,48500.00
Real Salt Lake,Jaime,Sebastian,F,216000.00,216000.00
LA Galaxy,Jamieson,Bradford,F,36500.00,36500.00
Chivas USA,Jean-Baptiste,Andrew,D,80000.00,95000.00
DC United,Jeffrey,Jared,M,65000.00,71200.00
Portland Timbers,Jewsbury,Jack,D,115000.00,132500.00
Columbus Crew,Jimenez,Hector,M,75000.00,75000.00
FC Dallas,John,George,D,300000.00,326666.67
Chicago Fire,Johnson,Sean,GK,250000.00,253000.00
DC United,Johnson,Eddie,F,505000.00,613333.33
Houston Dynamo,Johnson,Jason,F,80000.00,121000.00
Portland Timbers,Johnson,Will,F,300000.00,325000.00
New England Revolution,Jones,Jermaine,M,3000000.00,3252500.00
New England Revolution,Joseph,Shalrie,M,248500.00,294000.00
Chicago Fire,Joya,Benji,M,48504.00,53504.00
Sporting Kansas City,Juliao,Igor,D,48500.00,48500.00
Chicago Fire,Jumper,Hunter,D,48500.00,48500.00
LA Galaxy,Juninho,,M,325000.00,325000.00
Toronto FC,Junior,Gilberto,F,1145000.00,1205000.00
Sporting Kansas City,Kafari,Michael,M,36504.00,36504.00
Portland Timbers,Kah,Pa Modou,D,240000.00,245000.00
Chivas USA,Kaji,Akira,D,48504.00,48504.00
Orlando City SC,Kaka,,M,6660000.00,7167500.00
Chicago Fire,Kann,Alec,GK,48500.00,48500.00
LA Galaxy,Keane,Robbie,F,4500000.00,4500000.00
FC Dallas,Keel,Stephen,D,48825.00,48825.00
DC United,Kemp,Taylor,D,36504.00,36504.00
Sporting Kansas City,Kempin,Jonathan,GK,70000.00,77083.33
Chivas USA,Kennedy,Dan,GK,211750.00,213416.67
New York Red Bulls,Kimura,Kosuke,D,105000.00,105000.00
Chicago Fire,Kinney,Steven,D,48825.00,48825.00
DC United,Kitchen,Perry,D,143500.00,228950.00
Colorado Rapids,Klute,Chris,D,75000.00,80144.10
Colorado Rapids,Knight,Zat,D,120000.00,139583.33
New England Revolution,Knighton,Brad,GK,78100.00,80700.00
San Jose Earthquakes,Knutsen,Billy,GK,36504.00,36504.00
New England Revolution,Kobayashi,Daigo,M,125000.00,136666.67
Vancouver Whitecaps,Koffie,Gershon,M,200000.00,211000.00
Toronto FC,Konopka,Chris,GK,60000.00,60000.00
DC United,Korb,Chris,D,90000.00,97298.33
San Jose Earthquakes,Koval,JJ,M,48500.00,48500.00
Seattle Sounders FC,Kovar,Aaron,M,48500.00,48700.00
Montreal Impact,Krol,Krzysztof,D,153000.00,153000.00
Sporting Kansas City,Kronberg,Eric,GK,120000.00,120000.00
Vancouver Whitecaps,Laba,Matias,M,300000.00,300000.00
Colorado Rapids,LaBrocca,Nick,M,135000.00,153333.33
New York Red Bulls,Lade,Connor,D,57750.00,61963.21
Philadelphia Union,Lahoud,Michael,M,99000.00,102333.33
Columbus Crew,Lampson,Matt,GK,48825.00,48825.00
Chicago Fire,Larentowicz,Jeff,D,245000.00,251000.00
Montreal Impact,Larrea,Gorka,M,48500.04,48500.04
Philadelphia Union,Le Toux,Sebastian,M,250000.00,262812.50
Montreal Impact,Lefevre,Wandrille,M,48500.00,48500.00
San Jose Earthquakes,Lenhart,Steven,F,250000.00,257500.00
Vancouver Whitecaps,Leveron,Johnny,D,80000.00,91187.50
Vancouver Whitecaps,Lewis,Andre,M,48500.00,53500.00
Houston Dynamo,Lisch,Michael,GK,36504.00,36504.00
Chivas USA,Lochhead,Tony,D,125000.00,125000.00
Seattle Sounders FC,Long,Aaron,M,36504.00,36504.00
Houston Dynamo,Lopez,Alexander,M,90000.00,110000.00
Sporting Kansas City,Lopez,Mikey,M,85000.00,157000.00
Real Salt Lake,Lopez,Benjamin,F,48500.00,51105.43
Toronto FC,Lovitz,Daniel,M,36504.00,36504.00
Seattle Sounders FC,Lowe,Damion,D,57500.00,68500.00
FC Dallas,Loyd,Zach,M,155000.00,176666.67
New York Red Bulls,Lozano,Armando,D,120000.00,130000.00
FC Dallas,Luccin,Peter,M,75000.00,114333.33
New York Red Bulls,Luyindula,Peguy,F,90000.00,90000.00
Philadelphia Union,MacMath,Zac,GK,120000.00,120000.00
Chicago Fire,Magee,Mike,F,350000.00,417500.00
Philadelphia Union,Maidana,Cristian,F,185000.00,198750.00
Montreal Impact,Mallace,Calum,M,50848.00,65848.00
Vancouver Whitecaps,Manneh,Kekuta,F,70000.00,99500.00
Toronto FC,Mannella,Chris,M,36504.00,36504.00
Real Salt Lake,Mansally,Kenny,F,65000.00,72000.00
Montreal Impact,Mapp,Justin,M,162250.00,174750.00
Philadelphia Union,Marquez,Richard,D,36504.00,36504.00
Seattle Sounders FC,Marshall,Chad,D,270000.00,286666.67
Colorado Rapids,Martin,Jose,M,230000.00,261000.00
DC United,Martin,Collin,M,55000.00,69166.67
Montreal Impact,Martins,Felipe,M,160000.00,192500.00
Seattle Sounders FC,Martins,Obafemi,F,1620000.00,1753333.33
Vancouver Whitecaps,Mattocks,Darren,F,140000.00,232000.00
Real Salt Lake,Maund,Aaron,D,36500.00,40250.00
Philadelphia Union,Mbolhi,Rais,GK,240000.00,240000.00
LA Galaxy,McBean,Jack,F,48500.00,48500.00
New England Revolution,McCarthy,Stephen,M,101332.00,132582.00
New York Red Bulls,McCarty,Dax,M,200000.00,242500.00
Montreal Impact,McInerney,Jack,F,230000.00,294166.67
Portland Timbers,McKenzie,Rauwshan,D,48825.00,48825.00
Philadelphia Union,McLaughlin,James,M,66000.00,75000.00
Chivas USA,McNamara,Thomas,M,48500.00,60000.00
New York Red Bulls,Meara,Ryan,GK,68250.00,69500.00
Sporting Kansas City,Medranda,Jimmy,M,48504.00,48504.00
POOL,Melia,Tim,GK,70000.00,75000.00
LA Galaxy,Mendiola,Raul,F,36500.00,36500.00
Columbus Crew,Meram,Justin,F,67452.00,91827.00
San Jose Earthquakes,Meredith,Bryan,GK,48500.00,48500.00
Montreal Impact,Messoudi,Zakaria,M,36504.00,36504.00
LA Galaxy,Meyer,Tommy,D,50848.00,64598.00
Vancouver Whitecaps,Mezquida,Nicolas,M-F,65000.00,65000.00
New York Red Bulls,Miazga,Matt,D,65000.00,71250.00
Montreal Impact,Miller,Eric,M/D,57500.00,68500.00
New York Red Bulls,Miller,Roy,M,200000.00,200000.00
Chivas USA,Minda,Oswaldo,M,150000.00,168750.00
Vancouver Whitecaps,Mitchell,Carlyle,D,48825.00,50075.00
FC Dallas,Moffat,Adam,M,165000.00,176608.33
Orlando City SC,Molino,Kevin,M,60000.00,71400.00
Colorado Rapids,Moor,Drew,D,235000.00,247000.00
Toronto FC,Moore,Luke,F,120000.00,128333.33
Real Salt Lake,Morales,Javier,M,300000.00,300000.00
Vancouver Whitecaps,Morales,Pedro,M,1190000.00,1410900.00
Toronto FC,Morgan,Ashtone,D,80000.00,92000.00
Toronto FC,Morrow,Justin,D,160000.00,169562.50
Real Salt Lake,Mulholland,Luke,M,55000.00,56250.00
Colorado Rapids,Mullan,Brian,M,48500.00,48500.00
San Jose Earthquakes,Muller,Tommy,D,48500.00,48500.00
New England Revolution,Mullins,Patrick,F,70000.00,100000.00
Sporting Kansas City,Munoz,Victor,M,36504.00,36504.00
Colorado Rapids,Mwanga,Danny,F,130000.00,171250.00
Sporting Kansas City,Myers,Chance,D-M,160000.00,185000.00
Sporting Kansas City,Nagamura,Paulo,M,220000.00,220000.00
Portland Timbers,Nagbe,Darlington,M/F,250000.00,260000.00
Montreal Impact,Nakajima-Farran,Issey,M,90000.00,110000.00
Portland Timbers,Nanchoff,Michael,M,48825.00,48825.00
Colorado Rapids,Nasco,Joe,GK,50000.00,52693.83
Seattle Sounders FC,Neagle,Lamar,M,110000.00,110000.00
DC United,Neal,Lewis,M,100000.00,106440.63
Colorado Rapids,Neeskens,John,D,42504.00,42504.00
New England Revolution,Neumann,Stephen,M-F,65000.00,86250.00
New England Revolution,Nguyen,Lee,M/F,175000.00,193750.00
Philadelphia Union,Nogueira,Vincent,M,330000.00,330000.00
Chivas USA,Nwiloh,Michael,D,36504.00,36504.00
Chicago Fire,Nyarko,Patrick,F,265000.00,284500.00
Chicago Fire,Nyassi,Sanna,M,147000.00,154625.00
New York Red Bulls,Obekop,Marius,M,36500.00,41500.00
Vancouver Whitecaps,O'Brien,Andy,D,250000.00,280000.00
Seattle Sounders FC,Ockford,Jimmy,D,36504.00,36504.00
Toronto FC,Oduro,Dominic,F,250000.00,251666.67
Seattle Sounders FC,Okoli,Sean,F,48500.00,48750.00
Philadelphia Union,Okugo,Amobi,M,145000.00,228000.00
New York Red Bulls,Olave,Jamison,D,280000.00,290000.00
Sporting Kansas City,Olum,Lawrence,M/D,48825.00,48825.00
Colorado Rapids,O'Neill,Shane,M,56250.00,67750.00
Sporting Kansas City,Opara,Ike,D,97500.00,103750.00
DC United,Opare,Kofi,D,48500.00,48500.00
Portland Timbers,O'Rourke,Danny,D,55008.00,55008.00
Toronto FC,Orr,Bradley,D,75000.00,75000.00
Toronto FC,Osorio,Jonathan,M,135000.00,142599.68
Montreal Impact,Ouimette,Karl,D,48825.00,48825.00
Vancouver Whitecaps,Ousted,David,GK,250000.00,266156.25
Houston Dynamo,Ownby,Brian,M,48825.00,48825.00
Columbus Crew,Paladini,Daniel,M,75000.00,76666.67
Chicago Fire,Palmer,Lovel,M,82500.00,87000.00
Sporting Kansas City,Palmer-Brown,Erik,D,48500.00,49000.00
Portland Timbers,Paparatto,Norbeto,D,100000.00,100000.00
Seattle Sounders FC,Pappa,Marco,M,75000.00,75000.00
DC United,Parke,Jeff,D,215000.00,235500.00
Columbus Crew,Parkhurst,Michael,D,275000.00,300000.00
Seattle Sounders FC,Parsemain,Kevin,F,48504.00,54486.81
Chicago Fire,Pause,Logan,M,75000.00,75000.00
Montreal Impact,Pearce,Heath,D,100000.00,100000.00
Portland Timbers,Peay,Taylor,D,36500.04,36500.04
Chivas USA,Pelletieri,Agustin,M,90000.00,90000.00
LA Galaxy,Penedo,Jaime,GK,135000.00,138562.50
FC Dallas,Pereira,Michel,M/D,120000.00,141500.00
FC Dallas,Perez,Blas,F,335000.00,359250.00
San Jose Earthquakes,Perez,Matias,M,216000.00,216000.00
LA Galaxy,Perk,Brian,GK,60000.00,63125.00
Montreal Impact,Perkins,Troy,GK,250000.00,271833.33
New York Red Bulls,Perrinelle,Damien,D,100008.00,100008.00
Sporting Kansas City,Peterson,Jacob,F,110000.00,114833.33
Philadelphia Union,Pfeffer,Zach,M,75000.00,85000.00
Montreal Impact,Piatti,Ignacio,M,387500.00,387500.00
San Jose Earthquakes,Pierazzi,Jean Baptiste,M,240000.00,240000.00
Colorado Rapids,Piermayr,Thomas,D,70008.00,74429.56
Chicago Fire,Pineda,Victor,M,60000.00,66742.42
Seattle Sounders FC,Pineda,Gonzalo,M,80000.00,80000.00
San Jose Earthquakes,Pintos,Pablo,D,60000.00,122500.00
Real Salt Lake,Plata,Joao,F,70000.00,70000.00
Columbus Crew,Pogatetz,Emanuel,D,360000.00,372500.00
Chicago Fire,Pongolle,Florent,F,72000.00,81000.00
DC United,Pontius,Chris,M-F,350000.00,381000.00
DC United,Porter,Kyle,M,52313.00,60955.71
Portland Timbers,Powell,Alvas,D,48828.00,48828.00
Colorado Rapids,Powers,Dillon,M,95150.00,127650.00
Orlando City SC,Redding,Tommy,D,36500.00,44000.00
Seattle Sounders FC,Remick,Dylan,D,36500.00,36500.00
Chivas USA,Reo-Coker,Nigel,D-M,400000.00,446500.00
Chicago Fire,Reynish,Kyle,GK,74000.00,78316.67
Philadelphia Union,Ribeiro,Pedro,M,36504.00,36504.00
LA Galaxy,Ribeiro Da Silva,Leonardo,D,105000.00,105000.00
Toronto FC,Richter,Ryan,F,48500.00,48500.00
Portland Timbers,Ricketts,Donovan,GK,260000.00,260000.00
Portland Timbers,Ridgewell,Liam,D,1200000.00,1200000.00
LA Galaxy,Riley,James,D,80000.00,80000.00
Real Salt Lake,Rimando,Nick,GK,225000.00,235833.33
Chicago Fire,Ritter,Chris,M,48500.00,48500.00
Chivas USA,Rivero,Martin,M,50004.00,50004.00
Toronto FC,Roberts,Quillan,GK,36504.00,36504.00
DC United,Robinson,Jalen,D,55000.00,67000.00
New York Red Bulls,Robles,Luis,GK,100000.00,125000.00
Montreal Impact,Rodriguez,Adrian Lopez,D,240000.00,291250.00
LA Galaxy,Rogers,Robbie,F,160000.00,167500.00
DC United,Rolfe,Chris,F,210000.00,225000.00
Montreal Impact,Romero,Andres,F,60000.00,60000.00
Vancouver Whitecaps,Rosales,Mauro,M,450000.00,450000.00
Seattle Sounders FC,Rose,Andy,M,48825.00,48825.00
LA Galaxy,Rowe,Brian,GK,48825.00,48825.00
New England Revolution,Rowe,Kelyn,M,100000.00,181000.00
LA Galaxy,Rugg,Charlie,F,48500.00,48500.00
Sporting Kansas City,Saad,Soony,F,51150.00,51150.00
Real Salt Lake,Saborio,Alvaro,F,360000.00,453333.33
Houston Dynamo,Salazar,Bryan,F,48825.00,49825.00
Real Salt Lake,Salcedo,Carlos,D,48500.00,48500.00
Vancouver Whitecaps,Salgado,Omar,F,100000.00,141868.67
San Jose Earthquakes,Salinas,Shea,M,130000.00,133333.33
New York Red Bulls,Sam,Lloyd,F,136500.00,136500.00
Vancouver Whitecaps,Sampson,Ethen,D,36504.00,36504.00
Colorado Rapids,Sanchez,Vincente,F,210000.00,286666.67
New England Revolution,Sanchez,Jossimar,D,36504.00,36504.00
Real Salt Lake,Sandoval,Devon,F,48500.00,48500.00
Sporting Kansas City,Sapong,CJ,F,95000.00,112000.00
Houston Dynamo,Sarkodie,Kofi,D,150000.00,195500.00
LA Galaxy,Sarvas,Marcelo,M,192500.00,192500.00
New York City FC,Saunders,Josh,GK,48504.00,48504.00
Columbus Crew,Schoenfeld,Aaron,F,48825.00,48825.00
Real Salt Lake,Schuler,Chris,D,145000.00,162000.00
San Jose Earthquakes,Schuler,Billy,F,48500.00,48500.00
Seattle Sounders FC,Scott,Zach,D,52500.00,52500.00
DC United,Seaton,Michael,F,48500.00,51500.00
Chicago Fire,Segares,Gonzalo,D,160000.00,173333.33
FC Dallas,Seitz,Chris,GK,105000.00,105000.00
New York Red Bulls,Sekagya,Ibrahim,D,190000.00,219000.00
New York Red Bulls,Sene,Saer,F,152145.00,163682.54
Colorado Rapids,Serna,Dillon,M,52500.00,65500.00
DC United,Shanosky,Conor,D,36500.00,36500.00
Houston Dynamo,Sherrod,Mark,F,48504.00,48504.00
Chicago Fire,Shipp,Harrison,F,70000.00,95000.00
New England Revolution,Shuttleworth,Robert,GK,90000.00,100000.00
DC United,Silva,Luis,M,99440.00,134440.00
Sporting Kansas City,Sinovic,Seth,M-D,125000.00,131750.00
Montreal Impact,Smith,Blake,M,51150.00,84900.00
New England Revolution,Smith,Donnie,M,36500.00,36500.00
New England Revolution,Soares,AJ,D,119180.00,159180.00
New England Revolution,Soffner,Luis,GK,36500.00,36500.00
Montreal Impact,Soriola,Gege,D,120000.00,120000.00
LA Galaxy,Sorto,Oscar,D,48825.00,50700.00
Chicago Fire,Soumare,Bakary,D,330000.00,370000.00
FC Dallas,Span,Brian,M,48500.00,48500.00
Chivas USA,Spangenberg,Trevor,GK,36504.00,36504.00
Columbus Crew,Speas,Ben,F,65100.00,65100.00
San Jose Earthquakes,Stephenson,Khari,M,65004.00,68336.02
Real Salt Lake,Stertzer,John,M,36500.00,45875.00
Sporting Kansas City,Steuble,Martin,M,120000.00,120000.00
New York Red Bulls,Stevenson,Eric,M,36504.00,36504.00
San Jose Earthquakes,Stewart,Jordan,M-D,140000.00,140000.00
Chivas USA,Sturgis,Nathan,D-M,114000.00,120333.33
Columbus Crew,Stuver,Brad,GK,48500.00,48500.00
New England Revolution,Sundly,Alec,M,36504.00,36504.00
Columbus Crew,Sweat,Ben,D,48500.00,48500.00
Houston Dynamo,Taylor,Jermaine,D,185000.00,194500.00
New England Revolution,Taylor,Tony,F,69996.00,79371.00
Columbus Crew,Tchani,Tony,M,150000.00,175000.00
Vancouver Whitecaps,Teibert,Russell,M,70000.00,75600.00
FC Dallas,Texeira,David,F,338000.00,338000.00
FC Dallas,Thomas,Hendry,M,180000.00,180000.00
San Jose Earthquakes,Thompson,Tommy,M,140000.00,145000.00
New England Revolution,Tierney,Chris,D-M,100000.00,103333.33
Montreal Impact,Tissot,Maxim,D,48500.00,48500.00
Chivas USA,Toia,Donny,D,36500.00,36500.00
FC Dallas,Top,Jonathan,F,36500.00,36500.00
Vancouver Whitecaps,Tornaghi,Paolo,GK,72000.00,72000.00
Chivas USA,Torres,Erick,F,152004.00,152004.00
Colorado Rapids,Torres,Gabriel,F,250000.00,262500.00
Seattle Sounders FC,Traore,Djimi,D,132000.00,132000.00
Columbus Crew,Trapp,Wil,M,125000.00,152000.00
Portland Timbers,Tshuma,Schillo,F,75000.00,113000.00
Chivas USA,Tyrpak,Kristopher,F,36504.00,36504.00
FC Dallas,Ulloa,Victor,M,36504.00,36504.00
Portland Timbers,Urruti,Maximiliano,F,200000.04,200000.04
Philadelphia Union,Valdes,Carlos,D,294999.96,294999.96
Portland Timbers,Valeri,Diego,M,500000.00,500000.00
Colorado Rapids,Van de Casteele,Grant,D,48500.00,60000.00
Real Salt Lake,Velasquez,Sebastian,M,48825.00,48825.00
LA Galaxy,Venter,Kyle,D,48500.00,61000.00
Columbus Crew,Viana,Agustin,D-M,115000.00,141666.67
New York City FC,Villa,David,F,60000.00,60000.00
Portland Timbers,Villafana,Jorge,F,72765.00,74431.67
LA Galaxy,Villarreal,Joseph,M,48825.00,50700.00
Columbus Crew,Wahl,Tyson,D,85000.00,89666.67
Columbus Crew,Walker,Matt,M,36500.00,36500.00
FC Dallas,Walker,Nick,D,36500.00,36500.00
LA Galaxy,Walker,Kenney,M,48825.00,48825.00
Portland Timbers,Wallace,Rodney,M-D,150000.00,175000.00
Chicago Fire,Ward,Grant,F,48500.00,48500.00
Toronto FC,Warner,Collen,M-F,115500.00,143000.00
Vancouver Whitecaps,Waston,Kendall,D,199992.00,201242.00
Chicago Fire,Watson,Matt,M,71663.00,82664.99
FC Dallas,Watson,JeVaughn,M,110000.00,126875.00
New York City FC,Watson-Siriboe,Kwame,D,55000.00,56666.67
Colorado Rapids,Watts,Jared,M,36500.00,36500.00
Seattle Sounders FC,Weaver,Cam,F,48504.00,49004.00
Portland Timbers,Weber,Andrew,GK,48500.04,48500.04
Philadelphia Union,Wenger,Andrew,D/F,140000.00,242000.00
Philadelphia Union,Wheeler,Aaron,F,48825.00,48825.00
Philadelphia Union,White,Ethan,D,80000.00,80000.00
Toronto FC,Wiedeman,Andrew,F,60500.00,70500.00
Columbus Crew,Wiet,Matt,D,48500.00,48500.00
Columbus Crew,Williams,Josh,D,125000.00,125000.00
Philadelphia Union,Williams,Sheanon,F,125000.00,130500.00
DC United,Willis,Joe,GK,48825.00,48825.00
Real Salt Lake,Wingert,Chris,D,163590.00,170590.00
POOL,Withrow,Daniel,GK,36504.00,36504.00
San Jose Earthquakes,Wondolowski,Chris,M,600000.00,650000.00
New York Red Bulls,Wright-Phillips,Bradley,F,330000.00,372500.00
Colorado Rapids,Wynne,Marvell,D,200000.00,285000.00
Seattle Sounders FC,Yedlin,DeAndre,D,80000.00,92000.00
Portland Timbers,Zakuani,Steve,F,120000.00,120000.00
LA Galaxy,Zardes,Gyasi,F,125000.00,198000.00
Chivas USA,Zavaleta,Eriq,F,75000.00,105600.00
Portland Timbers,Zemanski,Ben,M,80850.00,83350.00
FC Dallas,Zendejas,Alejandro,F,36504.00,53170.67
FC Dallas,Zimmerman,Walker,D,80000.00,160100.00
Sporting Kansas City,Zizzo,Sal,F,77000.00,91045.71
Sporting Kansas City,Zusi,Graham,F-M,600000.00,631388.89
